code,name,kana,japan_post,current,reason
"01695","色丹村","シコタンムラ","","色丹村","日本郵便のデータに無い。参照する綴りが無く、長音の位置が決まらない 候補: SHIKOTANMURA / SHIKOTAMMURA"
"01696","泊村","トマリムラ","","Tomari-mura","日本郵便のデータに無い。参照する綴りが無い。カナから作った"
"01697","留夜別村","ルヤベツムラ","","Ruyabetsu-mura","日本郵便のデータに無い。参照する綴りが無い。カナから作った"
"01698","留別村","ルベツムラ","","Rubetsu-mura","日本郵便のデータに無い。参照する綴りが無い。カナから作った"
"01699","紗那村","シャナムラ","","Shana-mura","日本郵便のデータに無い。参照する綴りが無い。カナから作った"
"01700","蘂取村","シベトロムラ","","Shibetoro-mura","日本郵便のデータに無い。参照する綴りが無い。カナから作った"
"07482","矢祭町","ヒガシシラカワグンヤマツリマチ","HIGASHISHIRAKAWA GUN YAMATSURI MACH","Yamatsuri-machi","日本郵便の綴りが途中で切れている(HIGASHISHIRAKAWA GUN YAMATSURI MACH)。カナから補った"
"19346","市川三郷町","ニシヤツシログンイチカワミサトチョウ","NISHIYATSUSHIRO GUN ICHIKAWAMISATO","Ichikawamisato","日本郵便の綴りが途中で切れていて、長音の位置が決まらない 候補: NISHIYATSUSHIROGUNICHIKAWAMISATOCHOU / NISHIYATSUSHIROGUNICHIKAWAMISATOCHŌ"
"19430","富士河口湖町","ミナミツルグンフジカワグチコマチ","MINAMITSURU GUN FUJIKAWAGUCHIKO MAC","Fujikawaguchiko-machi","日本郵便の綴りが途中で切れている(MINAMITSURU GUN FUJIKAWAGUCHIKO MAC)。カナから補った"
"27383","千早赤阪村","ミナミカワチグンチハヤアカサカムラ","MINAMIKAWACHI GUN CHIHAYAAKASAKA MU","Chihayaakasaka-mura","日本郵便の綴りが途中で切れている(MINAMIKAWACHI GUN CHIHAYAAKASAKA MU)。カナから補った"
"44212","豊後大野市","ブンゴオオノシ","BUNGOONO SHI","Bungoono-shi","長音の位置が一通りに決まらない 候補: BUNGOŌNOSHI / BUNGŌONOSHI"
